

╭──────────────────────────────────────────────────────────────────────────────╮
│                                                                              │
│                                                                              │
│                         ▄▀▀ ▄▀█ █▀▀ ▀█▀ █▀▄▀█ █▀▀ █▀█                        │
│                         █▀  █▀█ ▄▄█  █  █ ▀ █ █▄▄ █▀▀                        │
│                                                                              │
│                                                                              │
│                                                                              │
│                                FastMCP 3.2.4                                 │
│                            https://gofastmcp.com                             │
│                                                                              │
│                  🖥  Server:      World Data Server, 3.2.4                    │
│                  🚀 Deploy free: https://horizon.prefect.io                  │
│                                                                              │
╰──────────────────────────────────────────────────────────────────────────────╯


[04/15/26 07:45:38] INFO     Starting MCP server 'World Data    transport.py:209
                             Server' with transport 'stdio'                     


╭──────────────────────────────────────────────────────────────────────────────╮
│                                                                              │
│                                                                              │
│                         ▄▀▀ ▄▀█ █▀▀ ▀█▀ █▀▄▀█ █▀▀ █▀█                        │
│                         █▀  █▀█ ▄▄█  █  █ ▀ █ █▄▄ █▀▀                        │
│                                                                              │
│                                                                              │
│                                                                              │
│                                FastMCP 3.2.4                                 │
│                            https://gofastmcp.com                             │
│                                                                              │
│                  🖥  Server:      Finance Server, 3.2.4                       │
│                  🚀 Deploy free: https://horizon.prefect.io                  │
│                                                                              │
╰──────────────────────────────────────────────────────────────────────────────╯


[04/15/26 07:45:44] INFO     Starting MCP server 'Finance       transport.py:209
                             Server' with transport 'stdio'                     


╭──────────────────────────────────────────────────────────────────────────────╮
│                                                                              │
│                                                                              │
│                         ▄▀▀ ▄▀█ █▀▀ ▀█▀ █▀▄▀█ █▀▀ █▀█                        │
│                         █▀  █▀█ ▄▄█  █  █ ▀ █ █▄▄ █▀▀                        │
│                                                                              │
│                                                                              │
│                                                                              │
│                                FastMCP 3.2.4                                 │
│                            https://gofastmcp.com                             │
│                                                                              │
│                  🖥  Server:      Media Engine Server, 3.2.4                  │
│                  🚀 Deploy free: https://horizon.prefect.io                  │
│                                                                              │
╰──────────────────────────────────────────────────────────────────────────────╯


[04/15/26 07:45:49] INFO     Starting MCP server 'Media Engine  transport.py:209
                             Server' with transport 'stdio'                     


╭──────────────────────────────────────────────────────────────────────────────╮
│                                                                              │
│                                                                              │
│                         ▄▀▀ ▄▀█ █▀▀ ▀█▀ █▀▄▀█ █▀▀ █▀█                        │
│                         █▀  █▀█ ▄▄█  █  █ ▀ █ █▄▄ █▀▀                        │
│                                                                              │
│                                                                              │
│                                                                              │
│                                FastMCP 3.2.4                                 │
│                            https://gofastmcp.com                             │
│                                                                              │
│                  🖥  Server:      World Data Server, 3.2.4                    │
│                  🚀 Deploy free: https://horizon.prefect.io                  │
│                                                                              │
╰──────────────────────────────────────────────────────────────────────────────╯


[04/15/26 07:45:58] INFO     Starting MCP server 'World Data    transport.py:209
                             Server' with transport 'stdio'                     


╭──────────────────────────────────────────────────────────────────────────────╮
│                                                                              │
│                                                                              │
│                         ▄▀▀ ▄▀█ █▀▀ ▀█▀ █▀▄▀█ █▀▀ █▀█                        │
│                         █▀  █▀█ ▄▄█  █  █ ▀ █ █▄▄ █▀▀                        │
│                                                                              │
│                                                                              │
│                                                                              │
│                                FastMCP 3.2.4                                 │
│                            https://gofastmcp.com                             │
│                                                                              │
│                  🖥  Server:      Finance Server, 3.2.4                       │
│                  🚀 Deploy free: https://horizon.prefect.io                  │
│                                                                              │
╰──────────────────────────────────────────────────────────────────────────────╯


[04/15/26 07:46:03] INFO     Starting MCP server 'Finance       transport.py:209
                             Server' with transport 'stdio'                     


╭──────────────────────────────────────────────────────────────────────────────╮
│                                                                              │
│                                                                              │
│                         ▄▀▀ ▄▀█ █▀▀ ▀█▀ █▀▄▀█ █▀▀ █▀█                        │
│                         █▀  █▀█ ▄▄█  █  █ ▀ █ █▄▄ █▀▀                        │
│                                                                              │
│                                                                              │
│                                                                              │
│                                FastMCP 3.2.4                                 │
│                            https://gofastmcp.com                             │
│                                                                              │
│                  🖥  Server:      Media Engine Server, 3.2.4                  │
│                  🚀 Deploy free: https://horizon.prefect.io                  │
│                                                                              │
╰──────────────────────────────────────────────────────────────────────────────╯


[04/15/26 07:46:09] INFO     Starting MCP server 'Media Engine  transport.py:209
                             Server' with transport 'stdio'                     


╭──────────────────────────────────────────────────────────────────────────────╮
│                                                                              │
│                                                                              │
│                         ▄▀▀ ▄▀█ █▀▀ ▀█▀ █▀▄▀█ █▀▀ █▀█                        │
│                         █▀  █▀█ ▄▄█  █  █ ▀ █ █▄▄ █▀▀                        │
│                                                                              │
│                                                                              │
│                                                                              │
│                                FastMCP 3.2.4                                 │
│                            https://gofastmcp.com                             │
│                                                                              │
│                  🖥  Server:      World Data Server, 3.2.4                    │
│                  🚀 Deploy free: https://horizon.prefect.io                  │
│                                                                              │
╰──────────────────────────────────────────────────────────────────────────────╯


[04/15/26 07:46:16] INFO     Starting MCP server 'World Data    transport.py:209
                             Server' with transport 'stdio'                     


╭──────────────────────────────────────────────────────────────────────────────╮
│                                                                              │
│                                                                              │
│                         ▄▀▀ ▄▀█ █▀▀ ▀█▀ █▀▄▀█ █▀▀ █▀█                        │
│                         █▀  █▀█ ▄▄█  █  █ ▀ █ █▄▄ █▀▀                        │
│                                                                              │
│                                                                              │
│                                                                              │
│                                FastMCP 3.2.4                                 │
│                            https://gofastmcp.com                             │
│                                                                              │
│                  🖥  Server:      Finance Server, 3.2.4                       │
│                  🚀 Deploy free: https://horizon.prefect.io                  │
│                                                                              │
╰──────────────────────────────────────────────────────────────────────────────╯


[04/15/26 07:46:21] INFO     Starting MCP server 'Finance       transport.py:209
                             Server' with transport 'stdio'                     


╭──────────────────────────────────────────────────────────────────────────────╮
│                                                                              │
│                                                                              │
│                         ▄▀▀ ▄▀█ █▀▀ ▀█▀ █▀▄▀█ █▀▀ █▀█                        │
│                         █▀  █▀█ ▄▄█  █  █ ▀ █ █▄▄ █▀▀                        │
│                                                                              │
│                                                                              │
│                                                                              │
│                                FastMCP 3.2.4                                 │
│                            https://gofastmcp.com                             │
│                                                                              │
│                  🖥  Server:      Media Engine Server, 3.2.4                  │
│                  🚀 Deploy free: https://horizon.prefect.io                  │
│                                                                              │
╰──────────────────────────────────────────────────────────────────────────────╯


[04/15/26 07:46:26] INFO     Starting MCP server 'Media Engine  transport.py:209
                             Server' with transport 'stdio'                     


╭──────────────────────────────────────────────────────────────────────────────╮
│                                                                              │
│                                                                              │
│                         ▄▀▀ ▄▀█ █▀▀ ▀█▀ █▀▄▀█ █▀▀ █▀█                        │
│                         █▀  █▀█ ▄▄█  █  █ ▀ █ █▄▄ █▀▀                        │
│                                                                              │
│                                                                              │
│                                                                              │
│                                FastMCP 3.2.4                                 │
│                            https://gofastmcp.com                             │
│                                                                              │
│                  🖥  Server:      World Data Server, 3.2.4                    │
│                  🚀 Deploy free: https://horizon.prefect.io                  │
│                                                                              │
╰──────────────────────────────────────────────────────────────────────────────╯


[04/15/26 07:46:32] INFO     Starting MCP server 'World Data    transport.py:209
                             Server' with transport 'stdio'                     


╭──────────────────────────────────────────────────────────────────────────────╮
│                                                                              │
│                                                                              │
│                         ▄▀▀ ▄▀█ █▀▀ ▀█▀ █▀▄▀█ █▀▀ █▀█                        │
│                         █▀  █▀█ ▄▄█  █  █ ▀ █ █▄▄ █▀▀                        │
│                                                                              │
│                                                                              │
│                                                                              │
│                                FastMCP 3.2.4                                 │
│                            https://gofastmcp.com                             │
│                                                                              │
│                  🖥  Server:      Finance Server, 3.2.4                       │
│                  🚀 Deploy free: https://horizon.prefect.io                  │
│                                                                              │
╰──────────────────────────────────────────────────────────────────────────────╯


[04/15/26 07:46:38] INFO     Starting MCP server 'Finance       transport.py:209
                             Server' with transport 'stdio'                     


╭──────────────────────────────────────────────────────────────────────────────╮
│                                                                              │
│                                                                              │
│                         ▄▀▀ ▄▀█ █▀▀ ▀█▀ █▀▄▀█ █▀▀ █▀█                        │
│                         █▀  █▀█ ▄▄█  █  █ ▀ █ █▄▄ █▀▀                        │
│                                                                              │
│                                                                              │
│                                                                              │
│                                FastMCP 3.2.4                                 │
│                            https://gofastmcp.com                             │
│                                                                              │
│                  🖥  Server:      Media Engine Server, 3.2.4                  │
│                  🚀 Deploy free: https://horizon.prefect.io                  │
│                                                                              │
╰──────────────────────────────────────────────────────────────────────────────╯


[04/15/26 07:46:40] INFO     Starting MCP server 'Media Engine  transport.py:209
                             Server' with transport 'stdio'                     


╭──────────────────────────────────────────────────────────────────────────────╮
│                                                                              │
│                                                                              │
│                         ▄▀▀ ▄▀█ █▀▀ ▀█▀ █▀▄▀█ █▀▀ █▀█                        │
│                         █▀  █▀█ ▄▄█  █  █ ▀ █ █▄▄ █▀▀                        │
│                                                                              │
│                                                                              │
│                                                                              │
│                                FastMCP 3.2.4                                 │
│                            https://gofastmcp.com                             │
│                                                                              │
│                  🖥  Server:      World Data Server, 3.2.4                    │
│                  🚀 Deploy free: https://horizon.prefect.io                  │
│                                                                              │
╰──────────────────────────────────────────────────────────────────────────────╯


[04/15/26 07:46:47] INFO     Starting MCP server 'World Data    transport.py:209
                             Server' with transport 'stdio'                     


╭──────────────────────────────────────────────────────────────────────────────╮
│                                                                              │
│                                                                              │
│                         ▄▀▀ ▄▀█ █▀▀ ▀█▀ █▀▄▀█ █▀▀ █▀█                        │
│                         █▀  █▀█ ▄▄█  █  █ ▀ █ █▄▄ █▀▀                        │
│                                                                              │
│                                                                              │
│                                                                              │
│                                FastMCP 3.2.4                                 │
│                            https://gofastmcp.com                             │
│                                                                              │
│                  🖥  Server:      Finance Server, 3.2.4                       │
│                  🚀 Deploy free: https://horizon.prefect.io                  │
│                                                                              │
╰──────────────────────────────────────────────────────────────────────────────╯


[04/15/26 07:46:49] INFO     Starting MCP server 'Finance       transport.py:209
                             Server' with transport 'stdio'                     


╭──────────────────────────────────────────────────────────────────────────────╮
│                                                                              │
│                                                                              │
│                         ▄▀▀ ▄▀█ █▀▀ ▀█▀ █▀▄▀█ █▀▀ █▀█                        │
│                         █▀  █▀█ ▄▄█  █  █ ▀ █ █▄▄ █▀▀                        │
│                                                                              │
│                                                                              │
│                                                                              │
│                                FastMCP 3.2.4                                 │
│                            https://gofastmcp.com                             │
│                                                                              │
│                  🖥  Server:      Media Engine Server, 3.2.4                  │
│                  🚀 Deploy free: https://horizon.prefect.io                  │
│                                                                              │
╰──────────────────────────────────────────────────────────────────────────────╯


[04/15/26 07:46:53] INFO     Starting MCP server 'Media Engine  transport.py:209
                             Server' with transport 'stdio'                     


╭──────────────────────────────────────────────────────────────────────────────╮
│                                                                              │
│                                                                              │
│                         ▄▀▀ ▄▀█ █▀▀ ▀█▀ █▀▄▀█ █▀▀ █▀█                        │
│                         █▀  █▀█ ▄▄█  █  █ ▀ █ █▄▄ █▀▀                        │
│                                                                              │
│                                                                              │
│                                                                              │
│                                FastMCP 3.2.4                                 │
│                            https://gofastmcp.com                             │
│                                                                              │
│                  🖥  Server:      World Data Server, 3.2.4                    │
│                  🚀 Deploy free: https://horizon.prefect.io                  │
│                                                                              │
╰──────────────────────────────────────────────────────────────────────────────╯


[04/15/26 07:47:00] INFO     Starting MCP server 'World Data    transport.py:209
                             Server' with transport 'stdio'                     


╭──────────────────────────────────────────────────────────────────────────────╮
│                                                                              │
│                                                                              │
│                         ▄▀▀ ▄▀█ █▀▀ ▀█▀ █▀▄▀█ █▀▀ █▀█                        │
│                         █▀  █▀█ ▄▄█  █  █ ▀ █ █▄▄ █▀▀                        │
│                                                                              │
│                                                                              │
│                                                                              │
│                                FastMCP 3.2.4                                 │
│                            https://gofastmcp.com                             │
│                                                                              │
│                  🖥  Server:      Finance Server, 3.2.4                       │
│                  🚀 Deploy free: https://horizon.prefect.io                  │
│                                                                              │
╰──────────────────────────────────────────────────────────────────────────────╯


[04/15/26 07:47:03] INFO     Starting MCP server 'Finance       transport.py:209
                             Server' with transport 'stdio'                     


╭──────────────────────────────────────────────────────────────────────────────╮
│                                                                              │
│                                                                              │
│                         ▄▀▀ ▄▀█ █▀▀ ▀█▀ █▀▄▀█ █▀▀ █▀█                        │
│                         █▀  █▀█ ▄▄█  █  █ ▀ █ █▄▄ █▀▀                        │
│                                                                              │
│                                                                              │
│                                                                              │
│                                FastMCP 3.2.4                                 │
│                            https://gofastmcp.com                             │
│                                                                              │
│                  🖥  Server:      Media Engine Server, 3.2.4                  │
│                  🚀 Deploy free: https://horizon.prefect.io                  │
│                                                                              │
╰──────────────────────────────────────────────────────────────────────────────╯


[04/15/26 07:47:06] INFO     Starting MCP server 'Media Engine  transport.py:209
                             Server' with transport 'stdio'                     


╭──────────────────────────────────────────────────────────────────────────────╮
│                                                                              │
│                                                                              │
│                         ▄▀▀ ▄▀█ █▀▀ ▀█▀ █▀▄▀█ █▀▀ █▀█                        │
│                         █▀  █▀█ ▄▄█  █  █ ▀ █ █▄▄ █▀▀                        │
│                                                                              │
│                                                                              │
│                                                                              │
│                                FastMCP 3.2.4                                 │
│                            https://gofastmcp.com                             │
│                                                                              │
│                  🖥  Server:      World Data Server, 3.2.4                    │
│                  🚀 Deploy free: https://horizon.prefect.io                  │
│                                                                              │
╰──────────────────────────────────────────────────────────────────────────────╯


[04/15/26 07:47:12] INFO     Starting MCP server 'World Data    transport.py:209
                             Server' with transport 'stdio'                     


╭──────────────────────────────────────────────────────────────────────────────╮
│                                                                              │
│                                                                              │
│                         ▄▀▀ ▄▀█ █▀▀ ▀█▀ █▀▄▀█ █▀▀ █▀█                        │
│                         █▀  █▀█ ▄▄█  █  █ ▀ █ █▄▄ █▀▀                        │
│                                                                              │
│                                                                              │
│                                                                              │
│                                FastMCP 3.2.4                                 │
│                            https://gofastmcp.com                             │
│                                                                              │
│                  🖥  Server:      Finance Server, 3.2.4                       │
│                  🚀 Deploy free: https://horizon.prefect.io                  │
│                                                                              │
╰──────────────────────────────────────────────────────────────────────────────╯


[04/15/26 07:47:15] INFO     Starting MCP server 'Finance       transport.py:209
                             Server' with transport 'stdio'                     


╭──────────────────────────────────────────────────────────────────────────────╮
│                                                                              │
│                                                                              │
│                         ▄▀▀ ▄▀█ █▀▀ ▀█▀ █▀▄▀█ █▀▀ █▀█                        │
│                         █▀  █▀█ ▄▄█  █  █ ▀ █ █▄▄ █▀▀                        │
│                                                                              │
│                                                                              │
│                                                                              │
│                                FastMCP 3.2.4                                 │
│                            https://gofastmcp.com                             │
│                                                                              │
│                  🖥  Server:      Media Engine Server, 3.2.4                  │
│                  🚀 Deploy free: https://horizon.prefect.io                  │
│                                                                              │
╰──────────────────────────────────────────────────────────────────────────────╯


[04/15/26 07:47:18] INFO     Starting MCP server 'Media Engine  transport.py:209
                             Server' with transport 'stdio'                     


╭──────────────────────────────────────────────────────────────────────────────╮
│                                                                              │
│                                                                              │
│                         ▄▀▀ ▄▀█ █▀▀ ▀█▀ █▀▄▀█ █▀▀ █▀█                        │
│                         █▀  █▀█ ▄▄█  █  █ ▀ █ █▄▄ █▀▀                        │
│                                                                              │
│                                                                              │
│                                                                              │
│                                FastMCP 3.2.4                                 │
│                            https://gofastmcp.com                             │
│                                                                              │
│                  🖥  Server:      World Data Server, 3.2.4                    │
│                  🚀 Deploy free: https://horizon.prefect.io                  │
│                                                                              │
╰──────────────────────────────────────────────────────────────────────────────╯


[04/15/26 07:47:24] INFO     Starting MCP server 'World Data    transport.py:209
                             Server' with transport 'stdio'                     


╭──────────────────────────────────────────────────────────────────────────────╮
│                                                                              │
│                                                                              │
│                         ▄▀▀ ▄▀█ █▀▀ ▀█▀ █▀▄▀█ █▀▀ █▀█                        │
│                         █▀  █▀█ ▄▄█  █  █ ▀ █ █▄▄ █▀▀                        │
│                                                                              │
│                                                                              │
│                                                                              │
│                                FastMCP 3.2.4                                 │
│                            https://gofastmcp.com                             │
│                                                                              │
│                  🖥  Server:      Finance Server, 3.2.4                       │
│                  🚀 Deploy free: https://horizon.prefect.io                  │
│                                                                              │
╰──────────────────────────────────────────────────────────────────────────────╯


[04/15/26 07:47:28] INFO     Starting MCP server 'Finance       transport.py:209
                             Server' with transport 'stdio'                     


╭──────────────────────────────────────────────────────────────────────────────╮
│                                                                              │
│                                                                              │
│                         ▄▀▀ ▄▀█ █▀▀ ▀█▀ █▀▄▀█ █▀▀ █▀█                        │
│                         █▀  █▀█ ▄▄█  █  █ ▀ █ █▄▄ █▀▀                        │
│                                                                              │
│                                                                              │
│                                                                              │
│                                FastMCP 3.2.4                                 │
│                            https://gofastmcp.com                             │
│                                                                              │
│                  🖥  Server:      Media Engine Server, 3.2.4                  │
│                  🚀 Deploy free: https://horizon.prefect.io                  │
│                                                                              │
╰──────────────────────────────────────────────────────────────────────────────╯


[04/15/26 07:47:31] INFO     Starting MCP server 'Media Engine  transport.py:209
                             Server' with transport 'stdio'                     


╭──────────────────────────────────────────────────────────────────────────────╮
│                                                                              │
│                                                                              │
│                         ▄▀▀ ▄▀█ █▀▀ ▀█▀ █▀▄▀█ █▀▀ █▀█                        │
│                         █▀  █▀█ ▄▄█  █  █ ▀ █ █▄▄ █▀▀                        │
│                                                                              │
│                                                                              │
│                                                                              │
│                                FastMCP 3.2.4                                 │
│                            https://gofastmcp.com                             │
│                                                                              │
│                  🖥  Server:      World Data Server, 3.2.4                    │
│                  🚀 Deploy free: https://horizon.prefect.io                  │
│                                                                              │
╰──────────────────────────────────────────────────────────────────────────────╯


[04/15/26 07:47:37] INFO     Starting MCP server 'World Data    transport.py:209
                             Server' with transport 'stdio'                     


╭──────────────────────────────────────────────────────────────────────────────╮
│                                                                              │
│                                                                              │
│                         ▄▀▀ ▄▀█ █▀▀ ▀█▀ █▀▄▀█ █▀▀ █▀█                        │
│                         █▀  █▀█ ▄▄█  █  █ ▀ █ █▄▄ █▀▀                        │
│                                                                              │
│                                                                              │
│                                                                              │
│                                FastMCP 3.2.4                                 │
│                            https://gofastmcp.com                             │
│                                                                              │
│                  🖥  Server:      Finance Server, 3.2.4                       │
│                  🚀 Deploy free: https://horizon.prefect.io                  │
│                                                                              │
╰──────────────────────────────────────────────────────────────────────────────╯


[04/15/26 07:47:42] INFO     Starting MCP server 'Finance       transport.py:209
                             Server' with transport 'stdio'                     


╭──────────────────────────────────────────────────────────────────────────────╮
│                                                                              │
│                                                                              │
│                         ▄▀▀ ▄▀█ █▀▀ ▀█▀ █▀▄▀█ █▀▀ █▀█                        │
│                         █▀  █▀█ ▄▄█  █  █ ▀ █ █▄▄ █▀▀                        │
│                                                                              │
│                                                                              │
│                                                                              │
│                                FastMCP 3.2.4                                 │
│                            https://gofastmcp.com                             │
│                                                                              │
│                  🖥  Server:      Media Engine Server, 3.2.4                  │
│                  🚀 Deploy free: https://horizon.prefect.io                  │
│                                                                              │
╰──────────────────────────────────────────────────────────────────────────────╯


[04/15/26 07:47:45] INFO     Starting MCP server 'Media Engine  transport.py:209
                             Server' with transport 'stdio'                     


╭──────────────────────────────────────────────────────────────────────────────╮
│                                                                              │
│                                                                              │
│                         ▄▀▀ ▄▀█ █▀▀ ▀█▀ █▀▄▀█ █▀▀ █▀█                        │
│                         █▀  █▀█ ▄▄█  █  █ ▀ █ █▄▄ █▀▀                        │
│                                                                              │
│                                                                              │
│                                                                              │
│                                FastMCP 3.2.4                                 │
│                            https://gofastmcp.com                             │
│                                                                              │
│                  🖥  Server:      World Data Server, 3.2.4                    │
│                  🚀 Deploy free: https://horizon.prefect.io                  │
│                                                                              │
╰──────────────────────────────────────────────────────────────────────────────╯


[04/15/26 07:47:51] INFO     Starting MCP server 'World Data    transport.py:209
                             Server' with transport 'stdio'                     


╭──────────────────────────────────────────────────────────────────────────────╮
│                                                                              │
│                                                                              │
│                         ▄▀▀ ▄▀█ █▀▀ ▀█▀ █▀▄▀█ █▀▀ █▀█                        │
│                         █▀  █▀█ ▄▄█  █  █ ▀ █ █▄▄ █▀▀                        │
│                                                                              │
│                                                                              │
│                                                                              │
│                                FastMCP 3.2.4                                 │
│                            https://gofastmcp.com                             │
│                                                                              │
│                  🖥  Server:      Finance Server, 3.2.4                       │
│                  🚀 Deploy free: https://horizon.prefect.io                  │
│                                                                              │
╰──────────────────────────────────────────────────────────────────────────────╯


[04/15/26 07:47:54] INFO     Starting MCP server 'Finance       transport.py:209
                             Server' with transport 'stdio'                     


╭──────────────────────────────────────────────────────────────────────────────╮
│                                                                              │
│                                                                              │
│                         ▄▀▀ ▄▀█ █▀▀ ▀█▀ █▀▄▀█ █▀▀ █▀█                        │
│                         █▀  █▀█ ▄▄█  █  █ ▀ █ █▄▄ █▀▀                        │
│                                                                              │
│                                                                              │
│                                                                              │
│                                FastMCP 3.2.4                                 │
│                            https://gofastmcp.com                             │
│                                                                              │
│                  🖥  Server:      Media Engine Server, 3.2.4                  │
│                  🚀 Deploy free: https://horizon.prefect.io                  │
│                                                                              │
╰──────────────────────────────────────────────────────────────────────────────╯


[04/15/26 07:47:58] INFO     Starting MCP server 'Media Engine  transport.py:209
                             Server' with transport 'stdio'                     


╭──────────────────────────────────────────────────────────────────────────────╮
│                                                                              │
│                                                                              │
│                         ▄▀▀ ▄▀█ █▀▀ ▀█▀ █▀▄▀█ █▀▀ █▀█                        │
│                         █▀  █▀█ ▄▄█  █  █ ▀ █ █▄▄ █▀▀                        │
│                                                                              │
│                                                                              │
│                                                                              │
│                                FastMCP 3.2.4                                 │
│                            https://gofastmcp.com                             │
│                                                                              │
│                  🖥  Server:      World Data Server, 3.2.4                    │
│                  🚀 Deploy free: https://horizon.prefect.io                  │
│                                                                              │
╰──────────────────────────────────────────────────────────────────────────────╯


[04/15/26 07:48:06] INFO     Starting MCP server 'World Data    transport.py:209
                             Server' with transport 'stdio'                     


╭──────────────────────────────────────────────────────────────────────────────╮
│                                                                              │
│                                                                              │
│                         ▄▀▀ ▄▀█ █▀▀ ▀█▀ █▀▄▀█ █▀▀ █▀█                        │
│                         █▀  █▀█ ▄▄█  █  █ ▀ █ █▄▄ █▀▀                        │
│                                                                              │
│                                                                              │
│                                                                              │
│                                FastMCP 3.2.4                                 │
│                            https://gofastmcp.com                             │
│                                                                              │
│                  🖥  Server:      Finance Server, 3.2.4                       │
│                  🚀 Deploy free: https://horizon.prefect.io                  │
│                                                                              │
╰──────────────────────────────────────────────────────────────────────────────╯


[04/15/26 07:48:09] INFO     Starting MCP server 'Finance       transport.py:209
                             Server' with transport 'stdio'                     


╭──────────────────────────────────────────────────────────────────────────────╮
│                                                                              │
│                                                                              │
│                         ▄▀▀ ▄▀█ █▀▀ ▀█▀ █▀▄▀█ █▀▀ █▀█                        │
│                         █▀  █▀█ ▄▄█  █  █ ▀ █ █▄▄ █▀▀                        │
│                                                                              │
│                                                                              │
│                                                                              │
│                                FastMCP 3.2.4                                 │
│                            https://gofastmcp.com                             │
│                                                                              │
│                  🖥  Server:      Media Engine Server, 3.2.4                  │
│                  🚀 Deploy free: https://horizon.prefect.io                  │
│                                                                              │
╰──────────────────────────────────────────────────────────────────────────────╯


[04/15/26 07:48:11] INFO     Starting MCP server 'Media Engine  transport.py:209
                             Server' with transport 'stdio'                     


╭──────────────────────────────────────────────────────────────────────────────╮
│                                                                              │
│                                                                              │
│                         ▄▀▀ ▄▀█ █▀▀ ▀█▀ █▀▄▀█ █▀▀ █▀█                        │
│                         █▀  █▀█ ▄▄█  █  █ ▀ █ █▄▄ █▀▀                        │
│                                                                              │
│                                                                              │
│                                                                              │
│                                FastMCP 3.2.4                                 │
│                            https://gofastmcp.com                             │
│                                                                              │
│                  🖥  Server:      World Data Server, 3.2.4                    │
│                  🚀 Deploy free: https://horizon.prefect.io                  │
│                                                                              │
╰──────────────────────────────────────────────────────────────────────────────╯


[04/15/26 07:48:18] INFO     Starting MCP server 'World Data    transport.py:209
                             Server' with transport 'stdio'                     


╭──────────────────────────────────────────────────────────────────────────────╮
│                                                                              │
│                                                                              │
│                         ▄▀▀ ▄▀█ █▀▀ ▀█▀ █▀▄▀█ █▀▀ █▀█                        │
│                         █▀  █▀█ ▄▄█  █  █ ▀ █ █▄▄ █▀▀                        │
│                                                                              │
│                                                                              │
│                                                                              │
│                                FastMCP 3.2.4                                 │
│                            https://gofastmcp.com                             │
│                                                                              │
│                  🖥  Server:      Finance Server, 3.2.4                       │
│                  🚀 Deploy free: https://horizon.prefect.io                  │
│                                                                              │
╰──────────────────────────────────────────────────────────────────────────────╯


[04/15/26 07:48:20] INFO     Starting MCP server 'Finance       transport.py:209
                             Server' with transport 'stdio'                     


╭──────────────────────────────────────────────────────────────────────────────╮
│                                                                              │
│                                                                              │
│                         ▄▀▀ ▄▀█ █▀▀ ▀█▀ █▀▄▀█ █▀▀ █▀█                        │
│                         █▀  █▀█ ▄▄█  █  █ ▀ █ █▄▄ █▀▀                        │
│                                                                              │
│                                                                              │
│                                                                              │
│                                FastMCP 3.2.4                                 │
│                            https://gofastmcp.com                             │
│                                                                              │
│                  🖥  Server:      Media Engine Server, 3.2.4                  │
│                  🚀 Deploy free: https://horizon.prefect.io                  │
│                                                                              │
╰──────────────────────────────────────────────────────────────────────────────╯


[04/15/26 07:48:24] INFO     Starting MCP server 'Media Engine  transport.py:209
                             Server' with transport 'stdio'                     


╭──────────────────────────────────────────────────────────────────────────────╮
│                                                                              │
│                                                                              │
│                         ▄▀▀ ▄▀█ █▀▀ ▀█▀ █▀▄▀█ █▀▀ █▀█                        │
│                         █▀  █▀█ ▄▄█  █  █ ▀ █ █▄▄ █▀▀                        │
│                                                                              │
│                                                                              │
│                                                                              │
│                                FastMCP 3.2.4                                 │
│                            https://gofastmcp.com                             │
│                                                                              │
│                  🖥  Server:      World Data Server, 3.2.4                    │
│                  🚀 Deploy free: https://horizon.prefect.io                  │
│                                                                              │
╰──────────────────────────────────────────────────────────────────────────────╯


[04/15/26 07:48:31] INFO     Starting MCP server 'World Data    transport.py:209
                             Server' with transport 'stdio'                     


╭──────────────────────────────────────────────────────────────────────────────╮
│                                                                              │
│                                                                              │
│                         ▄▀▀ ▄▀█ █▀▀ ▀█▀ █▀▄▀█ █▀▀ █▀█                        │
│                         █▀  █▀█ ▄▄█  █  █ ▀ █ █▄▄ █▀▀                        │
│                                                                              │
│                                                                              │
│                                                                              │
│                                FastMCP 3.2.4                                 │
│                            https://gofastmcp.com                             │
│                                                                              │
│                  🖥  Server:      Finance Server, 3.2.4                       │
│                  🚀 Deploy free: https://horizon.prefect.io                  │
│                                                                              │
╰──────────────────────────────────────────────────────────────────────────────╯


[04/15/26 07:48:34] INFO     Starting MCP server 'Finance       transport.py:209
                             Server' with transport 'stdio'                     


╭──────────────────────────────────────────────────────────────────────────────╮
│                                                                              │
│                                                                              │
│                         ▄▀▀ ▄▀█ █▀▀ ▀█▀ █▀▄▀█ █▀▀ █▀█                        │
│                         █▀  █▀█ ▄▄█  █  █ ▀ █ █▄▄ █▀▀                        │
│                                                                              │
│                                                                              │
│                                                                              │
│                                FastMCP 3.2.4                                 │
│                            https://gofastmcp.com                             │
│                                                                              │
│                  🖥  Server:      Media Engine Server, 3.2.4                  │
│                  🚀 Deploy free: https://horizon.prefect.io                  │
│                                                                              │
╰──────────────────────────────────────────────────────────────────────────────╯


[04/15/26 07:48:39] INFO     Starting MCP server 'Media Engine  transport.py:209
                             Server' with transport 'stdio'                     


╭──────────────────────────────────────────────────────────────────────────────╮
│                                                                              │
│                                                                              │
│                         ▄▀▀ ▄▀█ █▀▀ ▀█▀ █▀▄▀█ █▀▀ █▀█                        │
│                         █▀  █▀█ ▄▄█  █  █ ▀ █ █▄▄ █▀▀                        │
│                                                                              │
│                                                                              │
│                                                                              │
│                                FastMCP 3.2.4                                 │
│                            https://gofastmcp.com                             │
│                                                                              │
│                  🖥  Server:      World Data Server, 3.2.4                    │
│                  🚀 Deploy free: https://horizon.prefect.io                  │
│                                                                              │
╰──────────────────────────────────────────────────────────────────────────────╯


[04/15/26 07:48:46] INFO     Starting MCP server 'World Data    transport.py:209
                             Server' with transport 'stdio'                     


╭──────────────────────────────────────────────────────────────────────────────╮
│                                                                              │
│                                                                              │
│                         ▄▀▀ ▄▀█ █▀▀ ▀█▀ █▀▄▀█ █▀▀ █▀█                        │
│                         █▀  █▀█ ▄▄█  █  █ ▀ █ █▄▄ █▀▀                        │
│                                                                              │
│                                                                              │
│                                                                              │
│                                FastMCP 3.2.4                                 │
│                            https://gofastmcp.com                             │
│                                                                              │
│                  🖥  Server:      Finance Server, 3.2.4                       │
│                  🚀 Deploy free: https://horizon.prefect.io                  │
│                                                                              │
╰──────────────────────────────────────────────────────────────────────────────╯


[04/15/26 07:48:48] INFO     Starting MCP server 'Finance       transport.py:209
                             Server' with transport 'stdio'                     


╭──────────────────────────────────────────────────────────────────────────────╮
│                                                                              │
│                                                                              │
│                         ▄▀▀ ▄▀█ █▀▀ ▀█▀ █▀▄▀█ █▀▀ █▀█                        │
│                         █▀  █▀█ ▄▄█  █  █ ▀ █ █▄▄ █▀▀                        │
│                                                                              │
│                                                                              │
│                                                                              │
│                                FastMCP 3.2.4                                 │
│                            https://gofastmcp.com                             │
│                                                                              │
│                  🖥  Server:      Media Engine Server, 3.2.4                  │
│                  🚀 Deploy free: https://horizon.prefect.io                  │
│                                                                              │
╰──────────────────────────────────────────────────────────────────────────────╯


[04/15/26 07:48:51] INFO     Starting MCP server 'Media Engine  transport.py:209
                             Server' with transport 'stdio'                     


╭──────────────────────────────────────────────────────────────────────────────╮
│                                                                              │
│                                                                              │
│                         ▄▀▀ ▄▀█ █▀▀ ▀█▀ █▀▄▀█ █▀▀ █▀█                        │
│                         █▀  █▀█ ▄▄█  █  █ ▀ █ █▄▄ █▀▀                        │
│                                                                              │
│                                                                              │
│                                                                              │
│                                FastMCP 3.2.4                                 │
│                            https://gofastmcp.com                             │
│                                                                              │
│                  🖥  Server:      World Data Server, 3.2.4                    │
│                  🚀 Deploy free: https://horizon.prefect.io                  │
│                                                                              │
╰──────────────────────────────────────────────────────────────────────────────╯


[04/15/26 07:48:58] INFO     Starting MCP server 'World Data    transport.py:209
                             Server' with transport 'stdio'                     


╭──────────────────────────────────────────────────────────────────────────────╮
│                                                                              │
│                                                                              │
│                         ▄▀▀ ▄▀█ █▀▀ ▀█▀ █▀▄▀█ █▀▀ █▀█                        │
│                         █▀  █▀█ ▄▄█  █  █ ▀ █ █▄▄ █▀▀                        │
│                                                                              │
│                                                                              │
│                                                                              │
│                                FastMCP 3.2.4                                 │
│                            https://gofastmcp.com                             │
│                                                                              │
│                  🖥  Server:      Finance Server, 3.2.4                       │
│                  🚀 Deploy free: https://horizon.prefect.io                  │
│                                                                              │
╰──────────────────────────────────────────────────────────────────────────────╯


[04/15/26 07:49:02] INFO     Starting MCP server 'Finance       transport.py:209
                             Server' with transport 'stdio'                     


╭──────────────────────────────────────────────────────────────────────────────╮
│                                                                              │
│                                                                              │
│                         ▄▀▀ ▄▀█ █▀▀ ▀█▀ █▀▄▀█ █▀▀ █▀█                        │
│                         █▀  █▀█ ▄▄█  █  █ ▀ █ █▄▄ █▀▀                        │
│                                                                              │
│                                                                              │
│                                                                              │
│                                FastMCP 3.2.4                                 │
│                            https://gofastmcp.com                             │
│                                                                              │
│                  🖥  Server:      Media Engine Server, 3.2.4                  │
│                  🚀 Deploy free: https://horizon.prefect.io                  │
│                                                                              │
╰──────────────────────────────────────────────────────────────────────────────╯


[04/15/26 07:49:05] INFO     Starting MCP server 'Media Engine  transport.py:209
                             Server' with transport 'stdio'                     


╭──────────────────────────────────────────────────────────────────────────────╮
│                                                                              │
│                                                                              │
│                         ▄▀▀ ▄▀█ █▀▀ ▀█▀ █▀▄▀█ █▀▀ █▀█                        │
│                         █▀  █▀█ ▄▄█  █  █ ▀ █ █▄▄ █▀▀                        │
│                                                                              │
│                                                                              │
│                                                                              │
│                                FastMCP 3.2.4                                 │
│                            https://gofastmcp.com                             │
│                                                                              │
│                  🖥  Server:      World Data Server, 3.2.4                    │
│                  🚀 Deploy free: https://horizon.prefect.io                  │
│                                                                              │
╰──────────────────────────────────────────────────────────────────────────────╯


[04/15/26 07:49:10] INFO     Starting MCP server 'World Data    transport.py:209
                             Server' with transport 'stdio'                     


╭──────────────────────────────────────────────────────────────────────────────╮
│                                                                              │
│                                                                              │
│                         ▄▀▀ ▄▀█ █▀▀ ▀█▀ █▀▄▀█ █▀▀ █▀█                        │
│                         █▀  █▀█ ▄▄█  █  █ ▀ █ █▄▄ █▀▀                        │
│                                                                              │
│                                                                              │
│                                                                              │
│                                FastMCP 3.2.4                                 │
│                            https://gofastmcp.com                             │
│                                                                              │
│                  🖥  Server:      Finance Server, 3.2.4                       │
│                  🚀 Deploy free: https://horizon.prefect.io                  │
│                                                                              │
╰──────────────────────────────────────────────────────────────────────────────╯


[04/15/26 07:49:13] INFO     Starting MCP server 'Finance       transport.py:209
                             Server' with transport 'stdio'                     


╭──────────────────────────────────────────────────────────────────────────────╮
│                                                                              │
│                                                                              │
│                         ▄▀▀ ▄▀█ █▀▀ ▀█▀ █▀▄▀█ █▀▀ █▀█                        │
│                         █▀  █▀█ ▄▄█  █  █ ▀ █ █▄▄ █▀▀                        │
│                                                                              │
│                                                                              │
│                                                                              │
│                                FastMCP 3.2.4                                 │
│                            https://gofastmcp.com                             │
│                                                                              │
│                  🖥  Server:      Media Engine Server, 3.2.4                  │
│                  🚀 Deploy free: https://horizon.prefect.io                  │
│                                                                              │
╰──────────────────────────────────────────────────────────────────────────────╯


[04/15/26 07:49:16] INFO     Starting MCP server 'Media Engine  transport.py:209
                             Server' with transport 'stdio'                     


╭──────────────────────────────────────────────────────────────────────────────╮
│                                                                              │
│                                                                              │
│                         ▄▀▀ ▄▀█ █▀▀ ▀█▀ █▀▄▀█ █▀▀ █▀█                        │
│                         █▀  █▀█ ▄▄█  █  █ ▀ █ █▄▄ █▀▀                        │
│                                                                              │
│                                                                              │
│                                                                              │
│                                FastMCP 3.2.4                                 │
│                            https://gofastmcp.com                             │
│                                                                              │
│                  🖥  Server:      World Data Server, 3.2.4                    │
│                  🚀 Deploy free: https://horizon.prefect.io                  │
│                                                                              │
╰──────────────────────────────────────────────────────────────────────────────╯


[04/15/26 07:49:21] INFO     Starting MCP server 'World Data    transport.py:209
                             Server' with transport 'stdio'                     


╭──────────────────────────────────────────────────────────────────────────────╮
│                                                                              │
│                                                                              │
│                         ▄▀▀ ▄▀█ █▀▀ ▀█▀ █▀▄▀█ █▀▀ █▀█                        │
│                         █▀  █▀█ ▄▄█  █  █ ▀ █ █▄▄ █▀▀                        │
│                                                                              │
│                                                                              │
│                                                                              │
│                                FastMCP 3.2.4                                 │
│                            https://gofastmcp.com                             │
│                                                                              │
│                  🖥  Server:      Finance Server, 3.2.4                       │
│                  🚀 Deploy free: https://horizon.prefect.io                  │
│                                                                              │
╰──────────────────────────────────────────────────────────────────────────────╯


[04/15/26 07:49:24] INFO     Starting MCP server 'Finance       transport.py:209
                             Server' with transport 'stdio'                     


╭──────────────────────────────────────────────────────────────────────────────╮
│                                                                              │
│                                                                              │
│                         ▄▀▀ ▄▀█ █▀▀ ▀█▀ █▀▄▀█ █▀▀ █▀█                        │
│                         █▀  █▀█ ▄▄█  █  █ ▀ █ █▄▄ █▀▀                        │
│                                                                              │
│                                                                              │
│                                                                              │
│                                FastMCP 3.2.4                                 │
│                            https://gofastmcp.com                             │
│                                                                              │
│                  🖥  Server:      Media Engine Server, 3.2.4                  │
│                  🚀 Deploy free: https://horizon.prefect.io                  │
│                                                                              │
╰──────────────────────────────────────────────────────────────────────────────╯


[04/15/26 07:49:27] INFO     Starting MCP server 'Media Engine  transport.py:209
                             Server' with transport 'stdio'                     


╭──────────────────────────────────────────────────────────────────────────────╮
│                                                                              │
│                                                                              │
│                         ▄▀▀ ▄▀█ █▀▀ ▀█▀ █▀▄▀█ █▀▀ █▀█                        │
│                         █▀  █▀█ ▄▄█  █  █ ▀ █ █▄▄ █▀▀                        │
│                                                                              │
│                                                                              │
│                                                                              │
│                                FastMCP 3.2.4                                 │
│                            https://gofastmcp.com                             │
│                                                                              │
│                  🖥  Server:      World Data Server, 3.2.4                    │
│                  🚀 Deploy free: https://horizon.prefect.io                  │
│                                                                              │
╰──────────────────────────────────────────────────────────────────────────────╯


[04/15/26 07:49:34] INFO     Starting MCP server 'World Data    transport.py:209
                             Server' with transport 'stdio'                     


╭──────────────────────────────────────────────────────────────────────────────╮
│                                                                              │
│                                                                              │
│                         ▄▀▀ ▄▀█ █▀▀ ▀█▀ █▀▄▀█ █▀▀ █▀█                        │
│                         █▀  █▀█ ▄▄█  █  █ ▀ █ █▄▄ █▀▀                        │
│                                                                              │
│                                                                              │
│                                                                              │
│                                FastMCP 3.2.4                                 │
│                            https://gofastmcp.com                             │
│                                                                              │
│                  🖥  Server:      Finance Server, 3.2.4                       │
│                  🚀 Deploy free: https://horizon.prefect.io                  │
│                                                                              │
╰──────────────────────────────────────────────────────────────────────────────╯


[04/15/26 07:49:36] INFO     Starting MCP server 'Finance       transport.py:209
                             Server' with transport 'stdio'                     


╭──────────────────────────────────────────────────────────────────────────────╮
│                                                                              │
│                                                                              │
│                         ▄▀▀ ▄▀█ █▀▀ ▀█▀ █▀▄▀█ █▀▀ █▀█                        │
│                         █▀  █▀█ ▄▄█  █  █ ▀ █ █▄▄ █▀▀                        │
│                                                                              │
│                                                                              │
│                                                                              │
│                                FastMCP 3.2.4                                 │
│                            https://gofastmcp.com                             │
│                                                                              │
│                  🖥  Server:      Media Engine Server, 3.2.4                  │
│                  🚀 Deploy free: https://horizon.prefect.io                  │
│                                                                              │
╰──────────────────────────────────────────────────────────────────────────────╯


[04/15/26 07:49:39] INFO     Starting MCP server 'Media Engine  transport.py:209
                             Server' with transport 'stdio'                     


╭──────────────────────────────────────────────────────────────────────────────╮
│                                                                              │
│                                                                              │
│                         ▄▀▀ ▄▀█ █▀▀ ▀█▀ █▀▄▀█ █▀▀ █▀█                        │
│                         █▀  █▀█ ▄▄█  █  █ ▀ █ █▄▄ █▀▀                        │
│                                                                              │
│                                                                              │
│                                                                              │
│                                FastMCP 3.2.4                                 │
│                            https://gofastmcp.com                             │
│                                                                              │
│                  🖥  Server:      World Data Server, 3.2.4                    │
│                  🚀 Deploy free: https://horizon.prefect.io                  │
│                                                                              │
╰──────────────────────────────────────────────────────────────────────────────╯


[04/15/26 07:49:47] INFO     Starting MCP server 'World Data    transport.py:209
                             Server' with transport 'stdio'                     


╭──────────────────────────────────────────────────────────────────────────────╮
│                                                                              │
│                                                                              │
│                         ▄▀▀ ▄▀█ █▀▀ ▀█▀ █▀▄▀█ █▀▀ █▀█                        │
│                         █▀  █▀█ ▄▄█  █  █ ▀ █ █▄▄ █▀▀                        │
│                                                                              │
│                                                                              │
│                                                                              │
│                                FastMCP 3.2.4                                 │
│                            https://gofastmcp.com                             │
│                                                                              │
│                  🖥  Server:      Finance Server, 3.2.4                       │
│                  🚀 Deploy free: https://horizon.prefect.io                  │
│                                                                              │
╰──────────────────────────────────────────────────────────────────────────────╯


[04/15/26 07:49:49] INFO     Starting MCP server 'Finance       transport.py:209
                             Server' with transport 'stdio'                     


╭──────────────────────────────────────────────────────────────────────────────╮
│                                                                              │
│                                                                              │
│                         ▄▀▀ ▄▀█ █▀▀ ▀█▀ █▀▄▀█ █▀▀ █▀█                        │
│                         █▀  █▀█ ▄▄█  █  █ ▀ █ █▄▄ █▀▀                        │
│                                                                              │
│                                                                              │
│                                                                              │
│                                FastMCP 3.2.4                                 │
│                            https://gofastmcp.com                             │
│                                                                              │
│                  🖥  Server:      Media Engine Server, 3.2.4                  │
│                  🚀 Deploy free: https://horizon.prefect.io                  │
│                                                                              │
╰──────────────────────────────────────────────────────────────────────────────╯


[04/15/26 07:49:52] INFO     Starting MCP server 'Media Engine  transport.py:209
                             Server' with transport 'stdio'                     


╭──────────────────────────────────────────────────────────────────────────────╮
│                                                                              │
│                                                                              │
│                         ▄▀▀ ▄▀█ █▀▀ ▀█▀ █▀▄▀█ █▀▀ █▀█                        │
│                         █▀  █▀█ ▄▄█  █  █ ▀ █ █▄▄ █▀▀                        │
│                                                                              │
│                                                                              │
│                                                                              │
│                                FastMCP 3.2.4                                 │
│                            https://gofastmcp.com                             │
│                                                                              │
│                  🖥  Server:      World Data Server, 3.2.4                    │
│                  🚀 Deploy free: https://horizon.prefect.io                  │
│                                                                              │
╰──────────────────────────────────────────────────────────────────────────────╯


[04/15/26 07:50:00] INFO     Starting MCP server 'World Data    transport.py:209
                             Server' with transport 'stdio'                     


╭──────────────────────────────────────────────────────────────────────────────╮
│                                                                              │
│                                                                              │
│                         ▄▀▀ ▄▀█ █▀▀ ▀█▀ █▀▄▀█ █▀▀ █▀█                        │
│                         █▀  █▀█ ▄▄█  █  █ ▀ █ █▄▄ █▀▀                        │
│                                                                              │
│                                                                              │
│                                                                              │
│                                FastMCP 3.2.4                                 │
│                            https://gofastmcp.com                             │
│                                                                              │
│                  🖥  Server:      Finance Server, 3.2.4                       │
│                  🚀 Deploy free: https://horizon.prefect.io                  │
│                                                                              │
╰──────────────────────────────────────────────────────────────────────────────╯


[04/15/26 07:50:02] INFO     Starting MCP server 'Finance       transport.py:209
                             Server' with transport 'stdio'                     


╭──────────────────────────────────────────────────────────────────────────────╮
│                                                                              │
│                                                                              │
│                         ▄▀▀ ▄▀█ █▀▀ ▀█▀ █▀▄▀█ █▀▀ █▀█                        │
│                         █▀  █▀█ ▄▄█  █  █ ▀ █ █▄▄ █▀▀                        │
│                                                                              │
│                                                                              │
│                                                                              │
│                                FastMCP 3.2.4                                 │
│                            https://gofastmcp.com                             │
│                                                                              │
│                  🖥  Server:      Media Engine Server, 3.2.4                  │
│                  🚀 Deploy free: https://horizon.prefect.io                  │
│                                                                              │
╰──────────────────────────────────────────────────────────────────────────────╯


[04/15/26 07:50:05] INFO     Starting MCP server 'Media Engine  transport.py:209
                             Server' with transport 'stdio'                     


╭──────────────────────────────────────────────────────────────────────────────╮
│                                                                              │
│                                                                              │
│                         ▄▀▀ ▄▀█ █▀▀ ▀█▀ █▀▄▀█ █▀▀ █▀█                        │
│                         █▀  █▀█ ▄▄█  █  █ ▀ █ █▄▄ █▀▀                        │
│                                                                              │
│                                                                              │
│                                                                              │
│                                FastMCP 3.2.4                                 │
│                            https://gofastmcp.com                             │
│                                                                              │
│                  🖥  Server:      World Data Server, 3.2.4                    │
│                  🚀 Deploy free: https://horizon.prefect.io                  │
│                                                                              │
╰──────────────────────────────────────────────────────────────────────────────╯


[04/15/26 07:50:11] INFO     Starting MCP server 'World Data    transport.py:209
                             Server' with transport 'stdio'                     


╭──────────────────────────────────────────────────────────────────────────────╮
│                                                                              │
│                                                                              │
│                         ▄▀▀ ▄▀█ █▀▀ ▀█▀ █▀▄▀█ █▀▀ █▀█                        │
│                         █▀  █▀█ ▄▄█  █  █ ▀ █ █▄▄ █▀▀                        │
│                                                                              │
│                                                                              │
│                                                                              │
│                                FastMCP 3.2.4                                 │
│                            https://gofastmcp.com                             │
│                                                                              │
│                  🖥  Server:      Finance Server, 3.2.4                       │
│                  🚀 Deploy free: https://horizon.prefect.io                  │
│                                                                              │
╰──────────────────────────────────────────────────────────────────────────────╯


[04/15/26 07:50:14] INFO     Starting MCP server 'Finance       transport.py:209
                             Server' with transport 'stdio'                     


╭──────────────────────────────────────────────────────────────────────────────╮
│                                                                              │
│                                                                              │
│                         ▄▀▀ ▄▀█ █▀▀ ▀█▀ █▀▄▀█ █▀▀ █▀█                        │
│                         █▀  █▀█ ▄▄█  █  █ ▀ █ █▄▄ █▀▀                        │
│                                                                              │
│                                                                              │
│                                                                              │
│                                FastMCP 3.2.4                                 │
│                            https://gofastmcp.com                             │
│                                                                              │
│                  🖥  Server:      Media Engine Server, 3.2.4                  │
│                  🚀 Deploy free: https://horizon.prefect.io                  │
│                                                                              │
╰──────────────────────────────────────────────────────────────────────────────╯


[04/15/26 07:50:17] INFO     Starting MCP server 'Media Engine  transport.py:209
                             Server' with transport 'stdio'                     


╭──────────────────────────────────────────────────────────────────────────────╮
│                                                                              │
│                                                                              │
│                         ▄▀▀ ▄▀█ █▀▀ ▀█▀ █▀▄▀█ █▀▀ █▀█                        │
│                         █▀  █▀█ ▄▄█  █  █ ▀ █ █▄▄ █▀▀                        │
│                                                                              │
│                                                                              │
│                                                                              │
│                                FastMCP 3.2.4                                 │
│                            https://gofastmcp.com                             │
│                                                                              │
│                  🖥  Server:      World Data Server, 3.2.4                    │
│                  🚀 Deploy free: https://horizon.prefect.io                  │
│                                                                              │
╰──────────────────────────────────────────────────────────────────────────────╯


[04/15/26 07:50:25] INFO     Starting MCP server 'World Data    transport.py:209
                             Server' with transport 'stdio'                     


╭──────────────────────────────────────────────────────────────────────────────╮
│                                                                              │
│                                                                              │
│                         ▄▀▀ ▄▀█ █▀▀ ▀█▀ █▀▄▀█ █▀▀ █▀█                        │
│                         █▀  █▀█ ▄▄█  █  █ ▀ █ █▄▄ █▀▀                        │
│                                                                              │
│                                                                              │
│                                                                              │
│                                FastMCP 3.2.4                                 │
│                            https://gofastmcp.com                             │
│                                                                              │
│                  🖥  Server:      Finance Server, 3.2.4                       │
│                  🚀 Deploy free: https://horizon.prefect.io                  │
│                                                                              │
╰──────────────────────────────────────────────────────────────────────────────╯


[04/15/26 07:50:27] INFO     Starting MCP server 'Finance       transport.py:209
                             Server' with transport 'stdio'                     


╭──────────────────────────────────────────────────────────────────────────────╮
│                                                                              │
│                                                                              │
│                         ▄▀▀ ▄▀█ █▀▀ ▀█▀ █▀▄▀█ █▀▀ █▀█                        │
│                         █▀  █▀█ ▄▄█  █  █ ▀ █ █▄▄ █▀▀                        │
│                                                                              │
│                                                                              │
│                                                                              │
│                                FastMCP 3.2.4                                 │
│                            https://gofastmcp.com                             │
│                                                                              │
│                  🖥  Server:      Media Engine Server, 3.2.4                  │
│                  🚀 Deploy free: https://horizon.prefect.io                  │
│                                                                              │
╰──────────────────────────────────────────────────────────────────────────────╯


[04/15/26 07:50:30] INFO     Starting MCP server 'Media Engine  transport.py:209
                             Server' with transport 'stdio'                     


╭──────────────────────────────────────────────────────────────────────────────╮
│                                                                              │
│                                                                              │
│                         ▄▀▀ ▄▀█ █▀▀ ▀█▀ █▀▄▀█ █▀▀ █▀█                        │
│                         █▀  █▀█ ▄▄█  █  █ ▀ █ █▄▄ █▀▀                        │
│                                                                              │
│                                                                              │
│                                                                              │
│                                FastMCP 3.2.4                                 │
│                            https://gofastmcp.com                             │
│                                                                              │
│                  🖥  Server:      World Data Server, 3.2.4                    │
│                  🚀 Deploy free: https://horizon.prefect.io                  │
│                                                                              │
╰──────────────────────────────────────────────────────────────────────────────╯


[04/15/26 07:50:36] INFO     Starting MCP server 'World Data    transport.py:209
                             Server' with transport 'stdio'                     


╭──────────────────────────────────────────────────────────────────────────────╮
│                                                                              │
│                                                                              │
│                         ▄▀▀ ▄▀█ █▀▀ ▀█▀ █▀▄▀█ █▀▀ █▀█                        │
│                         █▀  █▀█ ▄▄█  █  █ ▀ █ █▄▄ █▀▀                        │
│                                                                              │
│                                                                              │
│                                                                              │
│                                FastMCP 3.2.4                                 │
│                            https://gofastmcp.com                             │
│                                                                              │
│                  🖥  Server:      Finance Server, 3.2.4                       │
│                  🚀 Deploy free: https://horizon.prefect.io                  │
│                                                                              │
╰──────────────────────────────────────────────────────────────────────────────╯


[04/15/26 07:50:38] INFO     Starting MCP server 'Finance       transport.py:209
                             Server' with transport 'stdio'                     


╭──────────────────────────────────────────────────────────────────────────────╮
│                                                                              │
│                                                                              │
│                         ▄▀▀ ▄▀█ █▀▀ ▀█▀ █▀▄▀█ █▀▀ █▀█                        │
│                         █▀  █▀█ ▄▄█  █  █ ▀ █ █▄▄ █▀▀                        │
│                                                                              │
│                                                                              │
│                                                                              │
│                                FastMCP 3.2.4                                 │
│                            https://gofastmcp.com                             │
│                                                                              │
│                  🖥  Server:      Media Engine Server, 3.2.4                  │
│                  🚀 Deploy free: https://horizon.prefect.io                  │
│                                                                              │
╰──────────────────────────────────────────────────────────────────────────────╯


[04/15/26 07:50:42] INFO     Starting MCP server 'Media Engine  transport.py:209
                             Server' with transport 'stdio'                     


╭──────────────────────────────────────────────────────────────────────────────╮
│                                                                              │
│                                                                              │
│                         ▄▀▀ ▄▀█ █▀▀ ▀█▀ █▀▄▀█ █▀▀ █▀█                        │
│                         █▀  █▀█ ▄▄█  █  █ ▀ █ █▄▄ █▀▀                        │
│                                                                              │
│                                                                              │
│                                                                              │
│                                FastMCP 3.2.4                                 │
│                            https://gofastmcp.com                             │
│                                                                              │
│                  🖥  Server:      World Data Server, 3.2.4                    │
│                  🚀 Deploy free: https://horizon.prefect.io                  │
│                                                                              │
╰──────────────────────────────────────────────────────────────────────────────╯


[04/15/26 07:50:49] INFO     Starting MCP server 'World Data    transport.py:209
                             Server' with transport 'stdio'                     


╭──────────────────────────────────────────────────────────────────────────────╮
│                                                                              │
│                                                                              │
│                         ▄▀▀ ▄▀█ █▀▀ ▀█▀ █▀▄▀█ █▀▀ █▀█                        │
│                         █▀  █▀█ ▄▄█  █  █ ▀ █ █▄▄ █▀▀                        │
│                                                                              │
│                                                                              │
│                                                                              │
│                                FastMCP 3.2.4                                 │
│                            https://gofastmcp.com                             │
│                                                                              │
│                  🖥  Server:      Finance Server, 3.2.4                       │
│                  🚀 Deploy free: https://horizon.prefect.io                  │
│                                                                              │
╰──────────────────────────────────────────────────────────────────────────────╯


[04/15/26 07:50:52] INFO     Starting MCP server 'Finance       transport.py:209
                             Server' with transport 'stdio'                     


╭──────────────────────────────────────────────────────────────────────────────╮
│                                                                              │
│                                                                              │
│                         ▄▀▀ ▄▀█ █▀▀ ▀█▀ █▀▄▀█ █▀▀ █▀█                        │
│                         █▀  █▀█ ▄▄█  █  █ ▀ █ █▄▄ █▀▀                        │
│                                                                              │
│                                                                              │
│                                                                              │
│                                FastMCP 3.2.4                                 │
│                            https://gofastmcp.com                             │
│                                                                              │
│                  🖥  Server:      Media Engine Server, 3.2.4                  │
│                  🚀 Deploy free: https://horizon.prefect.io                  │
│                                                                              │
╰──────────────────────────────────────────────────────────────────────────────╯


[04/15/26 07:50:55] INFO     Starting MCP server 'Media Engine  transport.py:209
                             Server' with transport 'stdio'                     
Process group termination failed for PID 783362: [Errno 3] No such process, falling back to simple terminate
Process group termination failed for PID 783388: [Errno 3] No such process, falling back to simple terminate


╭──────────────────────────────────────────────────────────────────────────────╮
│                                                                              │
│                                                                              │
│                         ▄▀▀ ▄▀█ █▀▀ ▀█▀ █▀▄▀█ █▀▀ █▀█                        │
│                         █▀  █▀█ ▄▄█  █  █ ▀ █ █▄▄ █▀▀                        │
│                                                                              │
│                                                                              │
│                                                                              │
│                                FastMCP 3.2.4                                 │
│                            https://gofastmcp.com                             │
│                                                                              │
│                  🖥  Server:      World Data Server, 3.2.4                    │
│                  🚀 Deploy free: https://horizon.prefect.io                  │
│                                                                              │
╰──────────────────────────────────────────────────────────────────────────────╯


[04/15/26 07:51:06] INFO     Starting MCP server 'World Data    transport.py:209
                             Server' with transport 'stdio'                     


╭──────────────────────────────────────────────────────────────────────────────╮
│                                                                              │
│                                                                              │
│                         ▄▀▀ ▄▀█ █▀▀ ▀█▀ █▀▄▀█ █▀▀ █▀█                        │
│                         █▀  █▀█ ▄▄█  █  █ ▀ █ █▄▄ █▀▀                        │
│                                                                              │
│                                                                              │
│                                                                              │
│                                FastMCP 3.2.4                                 │
│                            https://gofastmcp.com                             │
│                                                                              │
│                  🖥  Server:      Finance Server, 3.2.4                       │
│                  🚀 Deploy free: https://horizon.prefect.io                  │
│                                                                              │
╰──────────────────────────────────────────────────────────────────────────────╯


[04/15/26 07:51:09] INFO     Starting MCP server 'Finance       transport.py:209
                             Server' with transport 'stdio'                     


╭──────────────────────────────────────────────────────────────────────────────╮
│                                                                              │
│                                                                              │
│                         ▄▀▀ ▄▀█ █▀▀ ▀█▀ █▀▄▀█ █▀▀ █▀█                        │
│                         █▀  █▀█ ▄▄█  █  █ ▀ █ █▄▄ █▀▀                        │
│                                                                              │
│                                                                              │
│                                                                              │
│                                FastMCP 3.2.4                                 │
│                            https://gofastmcp.com                             │
│                                                                              │
│                  🖥  Server:      Media Engine Server, 3.2.4                  │
│                  🚀 Deploy free: https://horizon.prefect.io                  │
│                                                                              │
╰──────────────────────────────────────────────────────────────────────────────╯


[04/15/26 07:51:12] INFO     Starting MCP server 'Media Engine  transport.py:209
                             Server' with transport 'stdio'                     


╭──────────────────────────────────────────────────────────────────────────────╮
│                                                                              │
│                                                                              │
│                         ▄▀▀ ▄▀█ █▀▀ ▀█▀ █▀▄▀█ █▀▀ █▀█                        │
│                         █▀  █▀█ ▄▄█  █  █ ▀ █ █▄▄ █▀▀                        │
│                                                                              │
│                                                                              │
│                                                                              │
│                                FastMCP 3.2.4                                 │
│                            https://gofastmcp.com                             │
│                                                                              │
│                  🖥  Server:      World Data Server, 3.2.4                    │
│                  🚀 Deploy free: https://horizon.prefect.io                  │
│                                                                              │
╰──────────────────────────────────────────────────────────────────────────────╯


[04/15/26 07:51:17] INFO     Starting MCP server 'World Data    transport.py:209
                             Server' with transport 'stdio'                     


╭──────────────────────────────────────────────────────────────────────────────╮
│                                                                              │
│                                                                              │
│                         ▄▀▀ ▄▀█ █▀▀ ▀█▀ █▀▄▀█ █▀▀ █▀█                        │
│                         █▀  █▀█ ▄▄█  █  █ ▀ █ █▄▄ █▀▀                        │
│                                                                              │
│                                                                              │
│                                                                              │
│                                FastMCP 3.2.4                                 │
│                            https://gofastmcp.com                             │
│                                                                              │
│                  🖥  Server:      Finance Server, 3.2.4                       │
│                  🚀 Deploy free: https://horizon.prefect.io                  │
│                                                                              │
╰──────────────────────────────────────────────────────────────────────────────╯


[04/15/26 07:51:20] INFO     Starting MCP server 'Finance       transport.py:209
                             Server' with transport 'stdio'                     


╭──────────────────────────────────────────────────────────────────────────────╮
│                                                                              │
│                                                                              │
│                         ▄▀▀ ▄▀█ █▀▀ ▀█▀ █▀▄▀█ █▀▀ █▀█                        │
│                         █▀  █▀█ ▄▄█  █  █ ▀ █ █▄▄ █▀▀                        │
│                                                                              │
│                                                                              │
│                                                                              │
│                                FastMCP 3.2.4                                 │
│                            https://gofastmcp.com                             │
│                                                                              │
│                  🖥  Server:      Media Engine Server, 3.2.4                  │
│                  🚀 Deploy free: https://horizon.prefect.io                  │
│                                                                              │
╰──────────────────────────────────────────────────────────────────────────────╯


[04/15/26 07:51:23] INFO     Starting MCP server 'Media Engine  transport.py:209
                             Server' with transport 'stdio'                     


╭──────────────────────────────────────────────────────────────────────────────╮
│                                                                              │
│                                                                              │
│                         ▄▀▀ ▄▀█ █▀▀ ▀█▀ █▀▄▀█ █▀▀ █▀█                        │
│                         █▀  █▀█ ▄▄█  █  █ ▀ █ █▄▄ █▀▀                        │
│                                                                              │
│                                                                              │
│                                                                              │
│                                FastMCP 3.2.4                                 │
│                            https://gofastmcp.com                             │
│                                                                              │
│                  🖥  Server:      World Data Server, 3.2.4                    │
│                  🚀 Deploy free: https://horizon.prefect.io                  │
│                                                                              │
╰──────────────────────────────────────────────────────────────────────────────╯


[04/15/26 07:51:30] INFO     Starting MCP server 'World Data    transport.py:209
                             Server' with transport 'stdio'                     


╭──────────────────────────────────────────────────────────────────────────────╮
│                                                                              │
│                                                                              │
│                         ▄▀▀ ▄▀█ █▀▀ ▀█▀ █▀▄▀█ █▀▀ █▀█                        │
│                         █▀  █▀█ ▄▄█  █  █ ▀ █ █▄▄ █▀▀                        │
│                                                                              │
│                                                                              │
│                                                                              │
│                                FastMCP 3.2.4                                 │
│                            https://gofastmcp.com                             │
│                                                                              │
│                  🖥  Server:      Finance Server, 3.2.4                       │
│                  🚀 Deploy free: https://horizon.prefect.io                  │
│                                                                              │
╰──────────────────────────────────────────────────────────────────────────────╯


[04/15/26 07:51:32] INFO     Starting MCP server 'Finance       transport.py:209
                             Server' with transport 'stdio'                     


╭──────────────────────────────────────────────────────────────────────────────╮
│                                                                              │
│                                                                              │
│                         ▄▀▀ ▄▀█ █▀▀ ▀█▀ █▀▄▀█ █▀▀ █▀█                        │
│                         █▀  █▀█ ▄▄█  █  █ ▀ █ █▄▄ █▀▀                        │
│                                                                              │
│                                                                              │
│                                                                              │
│                                FastMCP 3.2.4                                 │
│                            https://gofastmcp.com                             │
│                                                                              │
│                  🖥  Server:      Media Engine Server, 3.2.4                  │
│                  🚀 Deploy free: https://horizon.prefect.io                  │
│                                                                              │
╰──────────────────────────────────────────────────────────────────────────────╯


[04/15/26 07:51:35] INFO     Starting MCP server 'Media Engine  transport.py:209
                             Server' with transport 'stdio'                     


╭──────────────────────────────────────────────────────────────────────────────╮
│                                                                              │
│                                                                              │
│                         ▄▀▀ ▄▀█ █▀▀ ▀█▀ █▀▄▀█ █▀▀ █▀█                        │
│                         █▀  █▀█ ▄▄█  █  █ ▀ █ █▄▄ █▀▀                        │
│                                                                              │
│                                                                              │
│                                                                              │
│                                FastMCP 3.2.4                                 │
│                            https://gofastmcp.com                             │
│                                                                              │
│                  🖥  Server:      World Data Server, 3.2.4                    │
│                  🚀 Deploy free: https://horizon.prefect.io                  │
│                                                                              │
╰──────────────────────────────────────────────────────────────────────────────╯


[04/15/26 07:51:41] INFO     Starting MCP server 'World Data    transport.py:209
                             Server' with transport 'stdio'                     


╭──────────────────────────────────────────────────────────────────────────────╮
│                                                                              │
│                                                                              │
│                         ▄▀▀ ▄▀█ █▀▀ ▀█▀ █▀▄▀█ █▀▀ █▀█                        │
│                         █▀  █▀█ ▄▄█  █  █ ▀ █ █▄▄ █▀▀                        │
│                                                                              │
│                                                                              │
│                                                                              │
│                                FastMCP 3.2.4                                 │
│                            https://gofastmcp.com                             │
│                                                                              │
│                  🖥  Server:      Finance Server, 3.2.4                       │
│                  🚀 Deploy free: https://horizon.prefect.io                  │
│                                                                              │
╰──────────────────────────────────────────────────────────────────────────────╯


[04/15/26 07:51:44] INFO     Starting MCP server 'Finance       transport.py:209
                             Server' with transport 'stdio'                     


╭──────────────────────────────────────────────────────────────────────────────╮
│                                                                              │
│                                                                              │
│                         ▄▀▀ ▄▀█ █▀▀ ▀█▀ █▀▄▀█ █▀▀ █▀█                        │
│                         █▀  █▀█ ▄▄█  █  █ ▀ █ █▄▄ █▀▀                        │
│                                                                              │
│                                                                              │
│                                                                              │
│                                FastMCP 3.2.4                                 │
│                            https://gofastmcp.com                             │
│                                                                              │
│                  🖥  Server:      Media Engine Server, 3.2.4                  │
│                  🚀 Deploy free: https://horizon.prefect.io                  │
│                                                                              │
╰──────────────────────────────────────────────────────────────────────────────╯


[04/15/26 07:51:47] INFO     Starting MCP server 'Media Engine  transport.py:209
                             Server' with transport 'stdio'                     


╭──────────────────────────────────────────────────────────────────────────────╮
│                                                                              │
│                                                                              │
│                         ▄▀▀ ▄▀█ █▀▀ ▀█▀ █▀▄▀█ █▀▀ █▀█                        │
│                         █▀  █▀█ ▄▄█  █  █ ▀ █ █▄▄ █▀▀                        │
│                                                                              │
│                                                                              │
│                                                                              │
│                                FastMCP 3.2.4                                 │
│                            https://gofastmcp.com                             │
│                                                                              │
│                  🖥  Server:      World Data Server, 3.2.4                    │
│                  🚀 Deploy free: https://horizon.prefect.io                  │
│                                                                              │
╰──────────────────────────────────────────────────────────────────────────────╯


[04/15/26 07:51:53] INFO     Starting MCP server 'World Data    transport.py:209
                             Server' with transport 'stdio'                     


╭──────────────────────────────────────────────────────────────────────────────╮
│                                                                              │
│                                                                              │
│                         ▄▀▀ ▄▀█ █▀▀ ▀█▀ █▀▄▀█ █▀▀ █▀█                        │
│                         █▀  █▀█ ▄▄█  █  █ ▀ █ █▄▄ █▀▀                        │
│                                                                              │
│                                                                              │
│                                                                              │
│                                FastMCP 3.2.4                                 │
│                            https://gofastmcp.com                             │
│                                                                              │
│                  🖥  Server:      Finance Server, 3.2.4                       │
│                  🚀 Deploy free: https://horizon.prefect.io                  │
│                                                                              │
╰──────────────────────────────────────────────────────────────────────────────╯


[04/15/26 07:51:56] INFO     Starting MCP server 'Finance       transport.py:209
                             Server' with transport 'stdio'                     


╭──────────────────────────────────────────────────────────────────────────────╮
│                                                                              │
│                                                                              │
│                         ▄▀▀ ▄▀█ █▀▀ ▀█▀ █▀▄▀█ █▀▀ █▀█                        │
│                         █▀  █▀█ ▄▄█  █  █ ▀ █ █▄▄ █▀▀                        │
│                                                                              │
│                                                                              │
│                                                                              │
│                                FastMCP 3.2.4                                 │
│                            https://gofastmcp.com                             │
│                                                                              │
│                  🖥  Server:      Media Engine Server, 3.2.4                  │
│                  🚀 Deploy free: https://horizon.prefect.io                  │
│                                                                              │
╰──────────────────────────────────────────────────────────────────────────────╯


[04/15/26 07:52:01] INFO     Starting MCP server 'Media Engine  transport.py:209
                             Server' with transport 'stdio'                     


╭──────────────────────────────────────────────────────────────────────────────╮
│                                                                              │
│                                                                              │
│                         ▄▀▀ ▄▀█ █▀▀ ▀█▀ █▀▄▀█ █▀▀ █▀█                        │
│                         █▀  █▀█ ▄▄█  █  █ ▀ █ █▄▄ █▀▀                        │
│                                                                              │
│                                                                              │
│                                                                              │
│                                FastMCP 3.2.4                                 │
│                            https://gofastmcp.com                             │
│                                                                              │
│                  🖥  Server:      World Data Server, 3.2.4                    │
│                  🚀 Deploy free: https://horizon.prefect.io                  │
│                                                                              │
╰──────────────────────────────────────────────────────────────────────────────╯


[04/15/26 07:52:07] INFO     Starting MCP server 'World Data    transport.py:209
                             Server' with transport 'stdio'                     


╭──────────────────────────────────────────────────────────────────────────────╮
│                                                                              │
│                                                                              │
│                         ▄▀▀ ▄▀█ █▀▀ ▀█▀ █▀▄▀█ █▀▀ █▀█                        │
│                         █▀  █▀█ ▄▄█  █  █ ▀ █ █▄▄ █▀▀                        │
│                                                                              │
│                                                                              │
│                                                                              │
│                                FastMCP 3.2.4                                 │
│                            https://gofastmcp.com                             │
│                                                                              │
│                  🖥  Server:      Finance Server, 3.2.4                       │
│                  🚀 Deploy free: https://horizon.prefect.io                  │
│                                                                              │
╰──────────────────────────────────────────────────────────────────────────────╯


[04/15/26 07:52:11] INFO     Starting MCP server 'Finance       transport.py:209
                             Server' with transport 'stdio'                     


╭──────────────────────────────────────────────────────────────────────────────╮
│                                                                              │
│                                                                              │
│                         ▄▀▀ ▄▀█ █▀▀ ▀█▀ █▀▄▀█ █▀▀ █▀█                        │
│                         █▀  █▀█ ▄▄█  █  █ ▀ █ █▄▄ █▀▀                        │
│                                                                              │
│                                                                              │
│                                                                              │
│                                FastMCP 3.2.4                                 │
│                            https://gofastmcp.com                             │
│                                                                              │
│                  🖥  Server:      Media Engine Server, 3.2.4                  │
│                  🚀 Deploy free: https://horizon.prefect.io                  │
│                                                                              │
╰──────────────────────────────────────────────────────────────────────────────╯


[04/15/26 07:52:13] INFO     Starting MCP server 'Media Engine  transport.py:209
                             Server' with transport 'stdio'                     


╭──────────────────────────────────────────────────────────────────────────────╮
│                                                                              │
│                                                                              │
│                         ▄▀▀ ▄▀█ █▀▀ ▀█▀ █▀▄▀█ █▀▀ █▀█                        │
│                         █▀  █▀█ ▄▄█  █  █ ▀ █ █▄▄ █▀▀                        │
│                                                                              │
│                                                                              │
│                                                                              │
│                                FastMCP 3.2.4                                 │
│                            https://gofastmcp.com                             │
│                                                                              │
│                  🖥  Server:      World Data Server, 3.2.4                    │
│                  🚀 Deploy free: https://horizon.prefect.io                  │
│                                                                              │
╰──────────────────────────────────────────────────────────────────────────────╯


[04/15/26 07:52:19] INFO     Starting MCP server 'World Data    transport.py:209
                             Server' with transport 'stdio'                     


╭──────────────────────────────────────────────────────────────────────────────╮
│                                                                              │
│                                                                              │
│                         ▄▀▀ ▄▀█ █▀▀ ▀█▀ █▀▄▀█ █▀▀ █▀█                        │
│                         █▀  █▀█ ▄▄█  █  █ ▀ █ █▄▄ █▀▀                        │
│                                                                              │
│                                                                              │
│                                                                              │
│                                FastMCP 3.2.4                                 │
│                            https://gofastmcp.com                             │
│                                                                              │
│                  🖥  Server:      Finance Server, 3.2.4                       │
│                  🚀 Deploy free: https://horizon.prefect.io                  │
│                                                                              │
╰──────────────────────────────────────────────────────────────────────────────╯


[04/15/26 07:52:22] INFO     Starting MCP server 'Finance       transport.py:209
                             Server' with transport 'stdio'                     


╭──────────────────────────────────────────────────────────────────────────────╮
│                                                                              │
│                                                                              │
│                         ▄▀▀ ▄▀█ █▀▀ ▀█▀ █▀▄▀█ █▀▀ █▀█                        │
│                         █▀  █▀█ ▄▄█  █  █ ▀ █ █▄▄ █▀▀                        │
│                                                                              │
│                                                                              │
│                                                                              │
│                                FastMCP 3.2.4                                 │
│                            https://gofastmcp.com                             │
│                                                                              │
│                  🖥  Server:      Media Engine Server, 3.2.4                  │
│                  🚀 Deploy free: https://horizon.prefect.io                  │
│                                                                              │
╰──────────────────────────────────────────────────────────────────────────────╯


[04/15/26 07:52:25] INFO     Starting MCP server 'Media Engine  transport.py:209
                             Server' with transport 'stdio'                     


╭──────────────────────────────────────────────────────────────────────────────╮
│                                                                              │
│                                                                              │
│                         ▄▀▀ ▄▀█ █▀▀ ▀█▀ █▀▄▀█ █▀▀ █▀█                        │
│                         █▀  █▀█ ▄▄█  █  █ ▀ █ █▄▄ █▀▀                        │
│                                                                              │
│                                                                              │
│                                                                              │
│                                FastMCP 3.2.4                                 │
│                            https://gofastmcp.com                             │
│                                                                              │
│                  🖥  Server:      World Data Server, 3.2.4                    │
│                  🚀 Deploy free: https://horizon.prefect.io                  │
│                                                                              │
╰──────────────────────────────────────────────────────────────────────────────╯


[04/15/26 07:52:32] INFO     Starting MCP server 'World Data    transport.py:209
                             Server' with transport 'stdio'                     


╭──────────────────────────────────────────────────────────────────────────────╮
│                                                                              │
│                                                                              │
│                         ▄▀▀ ▄▀█ █▀▀ ▀█▀ █▀▄▀█ █▀▀ █▀█                        │
│                         █▀  █▀█ ▄▄█  █  █ ▀ █ █▄▄ █▀▀                        │
│                                                                              │
│                                                                              │
│                                                                              │
│                                FastMCP 3.2.4                                 │
│                            https://gofastmcp.com                             │
│                                                                              │
│                  🖥  Server:      Finance Server, 3.2.4                       │
│                  🚀 Deploy free: https://horizon.prefect.io                  │
│                                                                              │
╰──────────────────────────────────────────────────────────────────────────────╯


[04/15/26 07:52:34] INFO     Starting MCP server 'Finance       transport.py:209
                             Server' with transport 'stdio'                     


╭──────────────────────────────────────────────────────────────────────────────╮
│                                                                              │
│                                                                              │
│                         ▄▀▀ ▄▀█ █▀▀ ▀█▀ █▀▄▀█ █▀▀ █▀█                        │
│                         █▀  █▀█ ▄▄█  █  █ ▀ █ █▄▄ █▀▀                        │
│                                                                              │
│                                                                              │
│                                                                              │
│                                FastMCP 3.2.4                                 │
│                            https://gofastmcp.com                             │
│                                                                              │
│                  🖥  Server:      Media Engine Server, 3.2.4                  │
│                  🚀 Deploy free: https://horizon.prefect.io                  │
│                                                                              │
╰──────────────────────────────────────────────────────────────────────────────╯


[04/15/26 07:52:37] INFO     Starting MCP server 'Media Engine  transport.py:209
                             Server' with transport 'stdio'                     
[1/4] Generating briefs for Dubai...
  [1/8] Dubai / Technology done
  [2/8] Dubai / Business done
  [3/8] Dubai / Sports done
  [4/8] Dubai / Health done
  [5/8] Dubai / Entertainment done
  [6/8] Dubai / Politics done
  [7/8] Dubai / Science done
  [8/8] Dubai / AI done
[2/4] Generating briefs for Abu Dhabi...
  [1/8] Abu Dhabi / Technology done
  [2/8] Abu Dhabi / Business done
  [3/8] Abu Dhabi / Sports done
  [4/8] Abu Dhabi / Health done
  [5/8] Abu Dhabi / Entertainment done
  [6/8] Abu Dhabi / Politics done
  [7/8] Abu Dhabi / Science done
  [8/8] Abu Dhabi / AI done
[3/4] Generating briefs for Cairo...
  [1/8] Cairo / Technology done
  [2/8] Cairo / Business done
  [3/8] Cairo / Sports done
  [4/8] Cairo / Health done
  [5/8] Cairo / Entertainment done
  [6/8] Cairo / Politics done
  [7/8] Cairo / Science done
  [8/8] Cairo / AI done
[4/4] Generating briefs for World...
  [1/8] World / Technology done
  [2/8] World / Business done
  [3/8] World / Sports done
  [4/8] World / Health done
  [5/8] World / Entertainment done
  [6/8] World / Politics done
  [7/8] World / Science done
  [8/8] World / AI done

Morning briefs saved to /home/ubuntu/projects/herald/data/morning_briefs.json
Generated at: 2026-04-15T07:45:35.362603+00:00


╭──────────────────────────────────────────────────────────────────────────────╮
│                                                                              │
│                                                                              │
│                         ▄▀▀ ▄▀█ █▀▀ ▀█▀ █▀▄▀█ █▀▀ █▀█                        │
│                         █▀  █▀█ ▄▄█  █  █ ▀ █ █▄▄ █▀▀                        │
│                                                                              │
│                                                                              │
│                                                                              │
│                                FastMCP 3.2.4                                 │
│                            https://gofastmcp.com                             │
│                                                                              │
│                  🖥  Server:      World Data Server, 3.2.4                    │
│                  🚀 Deploy free: https://horizon.prefect.io                  │
│                                                                              │
╰──────────────────────────────────────────────────────────────────────────────╯


[04/15/26 08:02:03] INFO     Starting MCP server 'World Data    transport.py:209
                             Server' with transport 'stdio'                     


╭──────────────────────────────────────────────────────────────────────────────╮
│                                                                              │
│                                                                              │
│                         ▄▀▀ ▄▀█ █▀▀ ▀█▀ █▀▄▀█ █▀▀ █▀█                        │
│                         █▀  █▀█ ▄▄█  █  █ ▀ █ █▄▄ █▀▀                        │
│                                                                              │
│                                                                              │
│                                                                              │
│                                FastMCP 3.2.4                                 │
│                            https://gofastmcp.com                             │
│                                                                              │
│                  🖥  Server:      Finance Server, 3.2.4                       │
│                  🚀 Deploy free: https://horizon.prefect.io                  │
│                                                                              │
╰──────────────────────────────────────────────────────────────────────────────╯


[04/15/26 08:03:50] INFO     Starting MCP server 'Finance       transport.py:209
                             Server' with transport 'stdio'                     


╭──────────────────────────────────────────────────────────────────────────────╮
│                                                                              │
│                                                                              │
│                         ▄▀▀ ▄▀█ █▀▀ ▀█▀ █▀▄▀█ █▀▀ █▀█                        │
│                         █▀  █▀█ ▄▄█  █  █ ▀ █ █▄▄ █▀▀                        │
│                                                                              │
│                                                                              │
│                                                                              │
│                                FastMCP 3.2.4                                 │
│                            https://gofastmcp.com                             │
│                                                                              │
│                  🖥  Server:      Media Engine Server, 3.2.4                  │
│                  🚀 Deploy free: https://horizon.prefect.io                  │
│                                                                              │
╰──────────────────────────────────────────────────────────────────────────────╯


[04/15/26 08:05:41] INFO     Starting MCP server 'Media Engine  transport.py:209
                             Server' with transport 'stdio'                     


╭──────────────────────────────────────────────────────────────────────────────╮
│                                                                              │
│                                                                              │
│                         ▄▀▀ ▄▀█ █▀▀ ▀█▀ █▀▄▀█ █▀▀ █▀█                        │
│                         █▀  █▀█ ▄▄█  █  █ ▀ █ █▄▄ █▀▀                        │
│                                                                              │
│                                                                              │
│                                                                              │
│                                FastMCP 3.2.4                                 │
│                            https://gofastmcp.com                             │
│                                                                              │
│                  🖥  Server:      World Data Server, 3.2.4                    │
│                  🚀 Deploy free: https://horizon.prefect.io                  │
│                                                                              │
╰──────────────────────────────────────────────────────────────────────────────╯


[04/15/26 08:16:43] INFO     Starting MCP server 'World Data    transport.py:209
                             Server' with transport 'stdio'                     
